ensembl_id,variance
ENSG00000129824,1.5969839912128434
ENSG00000226278,1.4949889478552107
ENSG00000167748,1.4609116722890767
ENSG00000124107,1.4131977169708434
ENSG00000140519,1.3541263693422034
ENSG00000234956,1.346330620360299
ENSG00000214548,1.3367281858225304
ENSG00000169474,1.2992630364531708
ENSG00000244067,1.28674411270556
ENSG00000183036,1.2833113336873503
ENSG00000172346,1.2642650019267052
ENSG00000101197,1.249518621345271
ENSG00000241186,1.185253741632492
ENSG00000243955,1.175645032929412
ENSG00000005981,1.1648252194777386
ENSG00000171557,1.1565626021891888
ENSG00000185231,1.1529378229856337
ENSG00000128564,1.139653423813263
ENSG00000171551,1.1362079953105264
ENSG00000170367,1.1283674637729264
ENSG00000250535,1.127976193605512
ENSG00000178772,1.1218880898245247
ENSG00000104327,1.0835806413616274
ENSG00000167656,1.078767810521871
ENSG00000185274,1.0661452502172521
ENSG00000118137,1.0615672551001312
ENSG00000147378,1.06028009923773
ENSG00000211896,1.0548861443817243
ENSG00000171246,1.0377115044748872
ENSG00000123572,1.0332161188674611
ENSG00000254585,1.0322065500695259
ENSG00000203859,1.0298370306882099
ENSG00000268555,1.0278413738522807
ENSG00000134184,1.0250784923498228
ENSG00000211592,1.020428111222733
ENSG00000196805,1.0194693463619138
ENSG00000170421,1.0169874388879236
ENSG00000133636,1.0162862241597126
ENSG00000131910,1.011505381272427
ENSG00000170231,1.0110573501053155
ENSG00000248290,1.0008385200822707
ENSG00000185686,1.0005997562515314
ENSG00000211679,0.9953628165191515
ENSG00000168824,0.9940026928345025
ENSG00000211677,0.9860674526444959
ENSG00000124935,0.9848460549339129
ENSG00000167749,0.9754917980713811
ENSG00000160882,0.9699829577425921
ENSG00000188620,0.9686690041108886
ENSG00000124233,0.9641872402781729
ENSG00000181790,0.9635571821002532
ENSG00000170369,0.9583325408757472
ENSG00000101230,0.9563763028830633
ENSG00000162494,0.9511969529789976
ENSG00000133433,0.9485487848113593
ENSG00000183166,0.9456008070701469
ENSG00000166922,0.939155043633117
ENSG00000143839,0.9378978548663994
ENSG00000156076,0.9369539935808402
ENSG00000162009,0.9366918120554423
ENSG00000130829,0.9351980436173608
ENSG00000171951,0.9310788193407321
ENSG00000261713,0.9262095879064918
ENSG00000105894,0.9253965775027247
ENSG00000142549,0.9180722596003759
ENSG00000101198,0.9087018037092295
ENSG00000268621,0.9080631326959909
ENSG00000234262,0.9010018983145761
ENSG00000129596,0.8972812670052337
ENSG00000067048,0.8966719181355745
ENSG00000120457,0.8944431919411571
ENSG00000162595,0.8939150588924178
ENSG00000203858,0.8937527046367892
ENSG00000137077,0.8865677285409751
ENSG00000211895,0.8824254573022379
ENSG00000123496,0.8799975753764664
ENSG00000169469,0.8797276242238967
ENSG00000165863,0.8793510041083386
ENSG00000107159,0.8753258340649928
ENSG00000163377,0.8743676179325757
ENSG00000268879,0.8740688442238943
ENSG00000114771,0.8707861267769821
ENSG00000162366,0.8693485180174679
ENSG00000104722,0.8642668970867907
ENSG00000055118,0.8642090887252382
ENSG00000102109,0.8627880868348601
ENSG00000067842,0.8603949141849193
ENSG00000165181,0.8598127696724303
ENSG00000146755,0.8597422381225953
ENSG00000143851,0.8575994867706095
ENSG00000201700,0.8562897885519817
ENSG00000105675,0.8562119128951977
ENSG00000113494,0.8550181641135484
ENSG00000141934,0.8543999127529859
ENSG00000178172,0.8530094632256756
ENSG00000259108,0.8478090586251812
ENSG00000177519,0.8476918124182404
ENSG00000158014,0.8434543519722811
ENSG00000172782,0.8421117105538776
ENSG00000182836,0.8417762597327413
ENSG00000133169,0.8415802362372562
ENSG00000277586,0.8414502793121997
ENSG00000266463,0.8401182239134142
ENSG00000104332,0.8394750655922564
ENSG00000005471,0.8377592181297107
ENSG00000127324,0.8339696358243449
ENSG00000126218,0.8326901252025268
ENSG00000170558,0.8321964147831756
ENSG00000060718,0.8296511593064142
ENSG00000105825,0.8277272459235835
ENSG00000258484,0.8261128513491459
ENSG00000115290,0.8234337467155433
ENSG00000128218,0.8227016232584208
ENSG00000164120,0.8215373779574643
ENSG00000101825,0.8202231332479776
ENSG00000234965,0.8199230226704958
ENSG00000182636,0.8179194004854788
ENSG00000253755,0.8161961971247024
ENSG00000136574,0.8158096971100607
ENSG00000066248,0.8124307254893746
ENSG00000143954,0.810085849823956
ENSG00000171724,0.8100348202850426
ENSG00000125869,0.8087737531443063
ENSG00000122584,0.805634186848164
ENSG00000228146,0.799588557658285
ENSG00000101977,0.798787897887119
ENSG00000163082,0.7962720069695302
ENSG00000139292,0.7942737888928947
ENSG00000228536,0.7940332649567451
ENSG00000162873,0.7890565888751395
ENSG00000162552,0.7883198555335954
ENSG00000167244,0.7826768622432935
ENSG00000145824,0.7816578679729572
ENSG00000100867,0.7813047620269205
ENSG00000128918,0.7802104213166191
ENSG00000239951,0.7796319202582462
ENSG00000111344,0.7755008575906465
ENSG00000163032,0.7741749762969037
ENSG00000148346,0.7734652493070069
ENSG00000115361,0.7717557683162307
ENSG00000160339,0.7703145916866629
ENSG00000271334,0.7697093010623418
ENSG00000145920,0.7693307162165178
ENSG00000180875,0.7686829504208498
ENSG00000179142,0.7684146677704292
ENSG00000167157,0.7666155317533185
ENSG00000242265,0.7657912022208998
ENSG00000145423,0.7651578615488783
ENSG00000170323,0.7641450435690026
ENSG00000187955,0.7630602115195041
ENSG00000139329,0.7548948284187776
ENSG00000211899,0.7532932666950302
ENSG00000166482,0.7527532950367009
ENSG00000170571,0.7507855709332985
ENSG00000243236,0.7483655548335323
ENSG00000204338,0.7475676874091953
ENSG00000258179,0.7456995509853216
ENSG00000241351,0.7446275504200879
ENSG00000271732,0.7436513091882329
ENSG00000105695,0.7430051736404379
ENSG00000123689,0.7421727656377364
ENSG00000207805,0.742039996019136
ENSG00000163958,0.7415984593900922
ENSG00000274879,0.7409230580315199
ENSG00000213058,0.7405497340502125
ENSG00000069011,0.7405013321316181
ENSG00000211893,0.7403067925136635
ENSG00000148798,0.7400064992306488
ENSG00000271579,0.7399472687691524
ENSG00000102271,0.7382372262104163
ENSG00000248144,0.7374981477906797
ENSG00000136928,0.7368675090019596
ENSG00000154118,0.7362020906869418
ENSG00000160963,0.7361078224031178
ENSG00000012171,0.7341243109245243
ENSG00000113396,0.7325227027863968
ENSG00000173641,0.7301955086356392
ENSG00000215187,0.7301145805536192
ENSG00000211897,0.7268522427496139
ENSG00000152207,0.7260109982616878
ENSG00000176532,0.7254269425576316
ENSG00000099960,0.7246235797061653
ENSG00000073792,0.723410419918535
ENSG00000248698,0.723023704478754
ENSG00000211598,0.7216658145209293
ENSG00000105609,0.7213844911846187
ENSG00000256618,0.7210756113125693
ENSG00000103034,0.7194983732795296
ENSG00000157368,0.717775174045499
ENSG00000147180,0.715701805361247
ENSG00000100314,0.7146182640810513
ENSG00000260318,0.7143363165570271
ENSG00000136999,0.714209652281639
ENSG00000211666,0.7137566962817586
ENSG00000102145,0.7129270720479577
ENSG00000011465,0.7119159037601062
ENSG00000160868,0.7109064430945542
ENSG00000159164,0.7106270565111915
ENSG00000025423,0.7104541839515225
ENSG00000278952,0.7102290118216771
ENSG00000171759,0.7081615607463178
ENSG00000046604,0.7073196003704685
ENSG00000130600,0.706979330690663
ENSG00000133110,0.705663270548654
ENSG00000134463,0.7053354433854186
ENSG00000049089,0.7045212518554658
ENSG00000269993,0.7042355989291103
ENSG00000196660,0.703758682086928
ENSG00000164690,0.7030137636954988
ENSG00000198829,0.7025425228088078
ENSG00000165443,0.7021102240085543
ENSG00000260807,0.7016596038212052
ENSG00000169515,0.6999845505709009
ENSG00000165905,0.6991765153618886
ENSG00000263301,0.6973195785908725
ENSG00000066032,0.696036832533916
ENSG00000173114,0.6950066242485429
ENSG00000115138,0.6908992926416511
ENSG00000274824,0.6872205188200604
ENSG00000244094,0.6871711974699874
ENSG00000052344,0.6868460944586885
ENSG00000140284,0.6850733926099487
ENSG00000153132,0.6845863829133219
ENSG00000226235,0.6829488567663062
ENSG00000109163,0.6817896579123366
ENSG00000121440,0.6817766387475658
ENSG00000169393,0.679048111990989
ENSG00000224237,0.6787360800158413
ENSG00000082482,0.6774633770782515
ENSG00000052850,0.6771534378233525
ENSG00000100362,0.676907270899762
ENSG00000151224,0.6764824246145588
ENSG00000185352,0.6759466936219882
ENSG00000162078,0.6753445714867329
ENSG00000167580,0.6748896431333551
ENSG00000211660,0.6747411655000117
ENSG00000172137,0.6740392153078704
ENSG00000188707,0.6736213548313817
ENSG00000138207,0.6730342938068526
ENSG00000183671,0.6694145638269823
ENSG00000050555,0.6693602032760946
ENSG00000281655,0.6686093833934493
ENSG00000114279,0.668176888638648
ENSG00000183770,0.6674433639354188
ENSG00000130234,0.667384891050201
ENSG00000236393,0.6673550842655569
ENSG00000137252,0.6664603894784422
ENSG00000166250,0.6645660405939462
ENSG00000124302,0.6643061773061513
ENSG00000133135,0.6637619670362007
ENSG00000172551,0.663633978532041
ENSG00000198692,0.6612184309360575
ENSG00000154269,0.6595717799336441
ENSG00000148795,0.6585066708421133
ENSG00000137960,0.6571834524958161
ENSG00000160867,0.657164764871053
ENSG00000183196,0.6568005106357145
ENSG00000152092,0.6534056354440724
ENSG00000205362,0.6530155620475632
ENSG00000157087,0.6520554085441591
ENSG00000012817,0.6514797946939388
ENSG00000176490,0.6511683530204498
ENSG00000229314,0.6494288106121967
ENSG00000179542,0.6491932427114874
ENSG00000160161,0.6491629232756227
ENSG00000116194,0.6490404813546653
ENSG00000211653,0.6487159112704113
ENSG00000237541,0.6484416637006378
ENSG00000166592,0.6468199578908418
ENSG00000103546,0.6464720806187776
ENSG00000164199,0.6458722049273973
ENSG00000124491,0.6450184100036176
ENSG00000211673,0.6437592343942118
ENSG00000183837,0.6429195668868181
ENSG00000079931,0.6418732047472953
ENSG00000185269,0.6417538505471317
ENSG00000183287,0.6409846285492231
ENSG00000049283,0.6387139642118846
ENSG00000198848,0.6381477800297635
ENSG00000124839,0.6376611521321561
ENSG00000284636,0.6367369426532854
ENSG00000211959,0.6365007601306375
ENSG00000130598,0.6351339033731775
ENSG00000137868,0.634406465362325
ENSG00000286540,0.633333596487966
ENSG00000180818,0.6328867353636575
ENSG00000123364,0.6297996725481584
ENSG00000175832,0.6294438698219906
ENSG00000111057,0.6289114735046368
ENSG00000198598,0.6286275691215075
ENSG00000104938,0.6280275812615663
ENSG00000278195,0.6261322562621084
ENSG00000248115,0.6249331238894675
ENSG00000118495,0.6215268869279451
ENSG00000087258,0.6205392919391316
ENSG00000099869,0.6204274175645962
ENSG00000162543,0.6202668582245089
ENSG00000152137,0.620228075748072
ENSG00000145358,0.62018239074176
ENSG00000127399,0.6199393051374551
ENSG00000196353,0.6196518306178348
ENSG00000116661,0.6186422078196225
ENSG00000228314,0.617612035690771
ENSG00000100968,0.6172435965752558
ENSG00000254416,0.6168692016412163
ENSG00000153002,0.6156440382518126
ENSG00000237339,0.615251410544951
ENSG00000186867,0.6151681270156062
ENSG00000070031,0.6148100650067733
ENSG00000168306,0.614350535571413
ENSG00000154175,0.6133146073889206
ENSG00000229807,0.6132272757557946
ENSG00000002933,0.6127187495344312
ENSG00000069535,0.6124967133086612
ENSG00000009950,0.6123826500155799
ENSG00000196549,0.6122072291406178
ENSG00000117595,0.6117200391529368
ENSG00000072832,0.6116325648491422
ENSG00000127585,0.6102288807684183
ENSG00000140937,0.6100933200705589
ENSG00000178860,0.6097067528104089
ENSG00000143125,0.6092954576452937
ENSG00000211890,0.6089722737850501
ENSG00000186642,0.6081014818590003
ENSG00000108924,0.6074249833258443
ENSG00000189056,0.6072958252027694
ENSG00000180287,0.6062467571580104
ENSG00000243466,0.6061168459214284
ENSG00000170439,0.6060889504086644
ENSG00000170689,0.6060563186893203
ENSG00000132465,0.6058247687788335
ENSG00000268297,0.6053688786298093
ENSG00000157152,0.6049249816443687
ENSG00000174460,0.6046771739011696
ENSG00000198732,0.604632100429578
ENSG00000125730,0.6036302616804458
ENSG00000130513,0.603373442149198
ENSG00000211662,0.6032627745375849
ENSG00000077009,0.6022266223943397
ENSG00000272157,0.6015361947133211
ENSG00000123838,0.6014357644638051
ENSG00000145198,0.6006445069327199
ENSG00000112796,0.6001183279607968
ENSG00000102962,0.59806746634896
ENSG00000155265,0.5980074951206276
ENSG00000235169,0.5957379564363783
ENSG00000159399,0.5951570498534847
ENSG00000260532,0.5938862918644198
ENSG00000265465,0.5934472676490617
ENSG00000272405,0.5931250056230343
ENSG00000046774,0.5926193232118406
ENSG00000283787,0.5925768048327733
ENSG00000132677,0.5923614134978421
ENSG00000055732,0.5917557108404021
ENSG00000178538,0.5901693720236236
ENSG00000134121,0.5891254434651605
ENSG00000145794,0.5891200957426169
ENSG00000272763,0.5885657997488999
ENSG00000169071,0.586810535598767
ENSG00000250129,0.5867455607289563
ENSG00000260487,0.5862811468412543
ENSG00000273551,0.5858599268999746
ENSG00000122420,0.5854941156647403
ENSG00000005187,0.5854700608010828
ENSG00000267922,0.5852408016882743
ENSG00000141293,0.584175075009851
ENSG00000075223,0.5839224015182722
ENSG00000163646,0.5838266635938181
ENSG00000181291,0.5834435853297426
ENSG00000160284,0.5827740341400737
ENSG00000258986,0.5821929384713125
ENSG00000104899,0.5814638170226301
ENSG00000159723,0.580661730562891
ENSG00000179639,0.5801989159696531
ENSG00000087250,0.5801768427558176
ENSG00000198753,0.5798228296462107
ENSG00000276972,0.5788260592080974
ENSG00000167767,0.5784151118898427
ENSG00000125398,0.5774256111241173
ENSG00000232023,0.5773320370429617
ENSG00000099812,0.5750312736275017
ENSG00000012124,0.5737288489544127
ENSG00000124479,0.5736350201392781
ENSG00000152377,0.5734233607376162
ENSG00000080709,0.5733098947651311
ENSG00000229928,0.5727661602162066
ENSG00000164488,0.5724692770650543
ENSG00000231852,0.5721624401791741
ENSG00000137869,0.5719354119808926
ENSG00000105376,0.5718026238335854
ENSG00000213225,0.5717101639402157
ENSG00000143502,0.5711467014610319
ENSG00000187957,0.5705217298119499
ENSG00000249550,0.5697247249528887
ENSG00000038427,0.5687806700861221
ENSG00000161249,0.568721734133975
ENSG00000226306,0.5686529864069063
ENSG00000119915,0.5685488586926019
ENSG00000211772,0.568547445244912
ENSG00000124102,0.5681610219159732
ENSG00000120937,0.567860868217173
ENSG00000115596,0.5667323213189068
ENSG00000197415,0.5663753395485082
ENSG00000144908,0.5659770563855863
ENSG00000041982,0.5652568356127073
ENSG00000110076,0.5640556133984241
ENSG00000205517,0.5640328299685102
ENSG00000101463,0.563948036587832
ENSG00000125798,0.5623665138946968
ENSG00000145147,0.5619850817190447
ENSG00000161640,0.5616051176532759
ENSG00000164850,0.5612636393943009
ENSG00000268560,0.5612291199378668
ENSG00000206685,0.5597911237846281
ENSG00000197106,0.5597091315131408
ENSG00000148123,0.5589811367040121
ENSG00000272438,0.5585118747365317
ENSG00000125675,0.5585070279230773
ENSG00000257940,0.5584164100786838
ENSG00000166148,0.5578076939566492
ENSG00000203722,0.5567512722146394
ENSG00000138795,0.5561756779086897
ENSG00000198300,0.5554444151328644
ENSG00000286491,0.5550898270276543
ENSG00000176788,0.5546427356321112
ENSG00000159184,0.5541965808976616
ENSG00000146242,0.5540381266961346
ENSG00000099834,0.5537794293321947
ENSG00000150594,0.553594669677041
ENSG00000058335,0.553508183278074
ENSG00000165072,0.5534803847072179
ENSG00000124440,0.5532733486083005
ENSG00000110811,0.5513871294444752
ENSG00000134363,0.5512487005752822
ENSG00000127863,0.5509338999375831
ENSG00000227017,0.5508695125229691
ENSG00000011347,0.5508404358894189
ENSG00000123610,0.5507285602689831
ENSG00000118785,0.5506880031359153
ENSG00000210112,0.5497199502243002
ENSG00000116132,0.5487571606301417
ENSG00000270372,0.5466164699105293
ENSG00000175497,0.5457917289400745
ENSG00000180712,0.5455729755027403
ENSG00000256870,0.5454831193257715
ENSG00000233581,0.5454389667390748
ENSG00000074317,0.5453218469107971
ENSG00000211663,0.5447291464306688
ENSG00000144115,0.5440846512481046
ENSG00000074211,0.543794089903781
ENSG00000196616,0.5434991501091965
ENSG00000164855,0.5430000311016099
ENSG00000177191,0.541987273402496
ENSG00000005073,0.5417861657631999
ENSG00000184672,0.54042963598085
ENSG00000129009,0.540372292536827
ENSG00000198797,0.5403404521322477
ENSG00000013588,0.5399721566984834
ENSG00000119508,0.5397522741008789
ENSG00000102003,0.5397175479054577
ENSG00000184368,0.5397064909441861
ENSG00000186212,0.539574033418719
ENSG00000277010,0.5393768214812972
ENSG00000244437,0.5393623901179242
ENSG00000143365,0.5392917303868037
ENSG00000053108,0.5386157150424212
ENSG00000054356,0.5385577029788019
ENSG00000168079,0.5376969756578509
ENSG00000272068,0.5365618034717925
ENSG00000181577,0.5360546339069651
ENSG00000177106,0.5356757615234989
ENSG00000163710,0.5355459257365166
ENSG00000111058,0.5349334271067121
ENSG00000159307,0.5341584743148596
ENSG00000185668,0.5332564685737042
ENSG00000211751,0.5321339385828415
ENSG00000205364,0.5317711532078043
ENSG00000137843,0.5315475590689315
ENSG00000215845,0.5309294081426644
ENSG00000134020,0.5306373725567172
ENSG00000211949,0.5301985595178761
ENSG00000109205,0.5300065718076997
ENSG00000223403,0.5288829977815283
ENSG00000171385,0.5286195605453331
ENSG00000005513,0.528532313924064
ENSG00000276644,0.5284535589872942
ENSG00000115318,0.5283048703990854
ENSG00000106565,0.5282867538729421
ENSG00000165215,0.5277739532170951
ENSG00000137501,0.5276884347854441
ENSG00000159247,0.5275403944392466
ENSG00000214263,0.527527317008276
ENSG00000183044,0.5270059721542528
ENSG00000163687,0.5258753059162697
ENSG00000173868,0.5254513415363657
ENSG00000186897,0.5253772759003957
ENSG00000198963,0.5252305513772113
ENSG00000231824,0.5245164056925854
ENSG00000164089,0.5242881782572792
ENSG00000154277,0.5234863471952728
ENSG00000275395,0.5226827934723095
ENSG00000172020,0.5213361254405547
ENSG00000132840,0.5213292116014018
ENSG00000166448,0.5211997995585798
ENSG00000146147,0.5211347952214314
ENSG00000247627,0.5208467540707716
ENSG00000154654,0.5207751955413885
ENSG00000197253,0.5193526585365424
ENSG00000150471,0.5182867116290403
ENSG00000135519,0.5181840526254009
ENSG00000235688,0.5181783038903485
ENSG00000204767,0.5181458258633318
ENSG00000207959,0.5180794143668072
ENSG00000244476,0.5172122553302207
ENSG00000173432,0.5171240941153689
ENSG00000106333,0.5170985924215686
ENSG00000106538,0.5168575389199563
ENSG00000157303,0.5167746131528049
ENSG00000078399,0.5164069260526726
ENSG00000004776,0.5162957696940662
ENSG00000203837,0.5161924833207147
ENSG00000224389,0.5161435091239164
ENSG00000114737,0.5157341598480475
ENSG00000138131,0.5155368963140554
ENSG00000186310,0.515473571665578
ENSG00000128849,0.5152308753545446
ENSG00000186462,0.5150221233552323
ENSG00000107485,0.5150053934536973
ENSG00000260549,0.5146654067178011
ENSG00000248991,0.514396533238634
ENSG00000178343,0.5139042578758038
ENSG00000089472,0.513796256156083
ENSG00000237429,0.5135704351226962
ENSG00000147394,0.5134893866845597
ENSG00000204179,0.5129236511217383
ENSG00000181374,0.5126556483747707
ENSG00000172236,0.5118098949358878
ENSG00000139344,0.5115853600330057
ENSG00000165092,0.511523490715706
ENSG00000153898,0.5113984060211504
ENSG00000164303,0.5112711473494813
ENSG00000168685,0.5109629550667723
ENSG00000184515,0.5107375649467005
ENSG00000151572,0.5099659538613309
ENSG00000259417,0.5092522052480603
ENSG00000100558,0.5090211633591658
ENSG00000211945,0.5089149675169835
ENSG00000115828,0.5088771456855448
ENSG00000211966,0.5084242757854616
ENSG00000162433,0.5078498306911212
ENSG00000225907,0.5074736340294662
ENSG00000114200,0.5072148957372478
ENSG00000272342,0.5067864260229409
ENSG00000147041,0.5066200325647061
ENSG00000183578,0.5059960607984487
ENSG00000163898,0.5057787466711214
ENSG00000162692,0.5050913615170318
ENSG00000169213,0.5049580897769044
ENSG00000133878,0.50495129913246
ENSG00000171903,0.5048686419681786
ENSG00000174562,0.5044921775414453
ENSG00000163995,0.5044545156196981
ENSG00000272636,0.5043520965140136
ENSG00000040608,0.5035541103702775
ENSG00000109113,0.5035016676662811
ENSG00000211668,0.5034005305447911
ENSG00000050628,0.5033062727910043
ENSG00000126950,0.5027605749756469
ENSG00000151640,0.5023220373642393
ENSG00000172817,0.5022035043403081
ENSG00000116176,0.5019787591435543
ENSG00000129757,0.5017009064406646
ENSG00000244731,0.5016278288958117
ENSG00000134571,0.5016014710134014
ENSG00000262061,0.500921508805004
ENSG00000154856,0.5006218757640007
ENSG00000138829,0.49976681823675817
ENSG00000282431,0.4993107545659271
ENSG00000132031,0.4978663781694928
ENSG00000261040,0.49728000739431905
ENSG00000140807,0.4966164243476983
ENSG00000130208,0.49631031519572605
ENSG00000286153,0.4949922204333944
ENSG00000173376,0.4939122316526341
ENSG00000016082,0.49383461484828656
ENSG00000102032,0.4933274372391339
ENSG00000256678,0.4928857130688961
ENSG00000076716,0.4924587973522989
ENSG00000123999,0.49137747100506873
ENSG00000157766,0.4913773801084621
ENSG00000136872,0.490921721603314
ENSG00000211648,0.4908197838890274
ENSG00000135643,0.4901744031205856
ENSG00000118898,0.4901554081334991
ENSG00000230076,0.4892236897580231
ENSG00000077942,0.48901768228398085
ENSG00000228278,0.4885217433198686
ENSG00000078725,0.488334735765685
ENSG00000135097,0.4880952862263271
ENSG00000175164,0.4865782859865138
ENSG00000204060,0.4865235540398987
ENSG00000101057,0.4863747866530937
ENSG00000109072,0.486328356153207
ENSG00000163520,0.4863282957644103
ENSG00000221986,0.4862176264114896
ENSG00000261120,0.4856311813890697
ENSG00000154162,0.4854835086787044
ENSG00000219438,0.48482967923485204
ENSG00000137968,0.4847468900833505
ENSG00000234688,0.4847420768756982
ENSG00000184160,0.4841317230351495
ENSG00000163331,0.4840533871621187
ENSG00000234493,0.48392895565671584
ENSG00000074370,0.483798801099374
ENSG00000270885,0.4830740147324155
ENSG00000145384,0.48306774680926257
ENSG00000066735,0.4828798462639642
ENSG00000185565,0.482588250680211
ENSG00000141682,0.48258673212622016
ENSG00000261340,0.481692215091385
ENSG00000143845,0.4812868755721675
ENSG00000201839,0.4811648214912087
ENSG00000144681,0.48115739932913243
ENSG00000169385,0.48107490713372986
ENSG00000261145,0.4805696940553335
ENSG00000231359,0.4802926294411357
ENSG00000100285,0.4799577261469069
ENSG00000158292,0.47982683679020355
ENSG00000112981,0.4797412783577434
ENSG00000110492,0.47958132603241266
ENSG00000134716,0.47955786533626066
ENSG00000135914,0.4788929486038414
ENSG00000189134,0.4788569507277245
ENSG00000211947,0.47872819992382915
ENSG00000106031,0.4780245905476092
ENSG00000141314,0.47777487190318396
ENSG00000211651,0.4772568828550135
ENSG00000222335,0.47692817615152167
ENSG00000019169,0.47672691717120774
ENSG00000184408,0.47670319328671595
ENSG00000125144,0.47656544639042564
ENSG00000105880,0.47565792964569187
ENSG00000182704,0.4749658369627892
ENSG00000224373,0.474888055189311
ENSG00000249577,0.4747788484477678
ENSG00000260765,0.4746508482965537
ENSG00000170965,0.4745820093049393
ENSG00000119946,0.47456107678261217
ENSG00000284309,0.4744454271618277
ENSG00000221241,0.4738298725835395
ENSG00000099399,0.473669904644245
ENSG00000225978,0.47320403521510823
ENSG00000198028,0.4726781208696411
ENSG00000146013,0.4725826416949233
ENSG00000175426,0.4725292863880824
ENSG00000107147,0.472126314434838
ENSG00000115194,0.47209640728343405
ENSG00000102230,0.47182213445315596
ENSG00000189337,0.4716123271036518
ENSG00000135750,0.47082821447889006
ENSG00000115590,0.47081253559811376
ENSG00000235961,0.47002656905502666
ENSG00000091129,0.46956488272381663
ENSG00000169006,0.46930263253690296
ENSG00000101204,0.4685996247801157
ENSG00000162551,0.46852256520512925
ENSG00000189223,0.4685121960722299
ENSG00000157456,0.46837987605001924
ENSG00000144331,0.46835656790508423
ENSG00000189292,0.46821105322187934
ENSG00000124785,0.4680400323019528
ENSG00000230798,0.4673261999552326
ENSG00000196972,0.4666227313450588
ENSG00000101144,0.46661128112809497
ENSG00000135144,0.46651702718091015
ENSG00000106038,0.4664903235958751
ENSG00000112655,0.46646730042898693
ENSG00000232352,0.4662905478342677
ENSG00000171236,0.4661818948220622
ENSG00000146700,0.46612937640653623
ENSG00000132821,0.4656336100890313
ENSG00000150281,0.46560059554830374
ENSG00000105290,0.4655775834654455
ENSG00000166743,0.4652840679128542
ENSG00000165197,0.46527624185597116
ENSG00000244921,0.4652013022035499
ENSG00000215218,0.4650619118570678
ENSG00000168078,0.4648658356652282
ENSG00000229953,0.46409433676328404
ENSG00000156475,0.46390704189502086
ENSG00000101911,0.46359477747712236
ENSG00000168490,0.4633149093029073
ENSG00000210195,0.46312893290662405
ENSG00000268903,0.4630735489171413
ENSG00000186998,0.46288436840192776
ENSG00000162493,0.46264073513189186
ENSG00000287335,0.4623379713983958
ENSG00000101349,0.46173826520765743
ENSG00000173917,0.4611897700310357
ENSG00000105928,0.46095026941881273
ENSG00000176049,0.4606675807647562
ENSG00000145649,0.4601267936429883
ENSG00000157884,0.45993691393456304
ENSG00000163959,0.4596638887583893
ENSG00000146477,0.45943210139330914
ENSG00000102195,0.45918356474460126
ENSG00000272163,0.4588415368849695
ENSG00000064205,0.45881177962016023
ENSG00000118432,0.4587156801300975
ENSG00000081059,0.45870302118753925
ENSG00000130558,0.45866479684724965
ENSG00000099617,0.45854783752272976
ENSG00000138100,0.4578355667362651
ENSG00000164616,0.45766230565214827
ENSG00000266524,0.45750033517182576
ENSG00000164181,0.45734460003414995
ENSG00000087510,0.4571012202292189
ENSG00000141639,0.456996323737477
ENSG00000211892,0.45694071212707743
ENSG00000196684,0.45629059640564434
ENSG00000006534,0.4558997220154482
ENSG00000144891,0.45583865300396215
ENSG00000135919,0.455427767547627
ENSG00000174950,0.4552724894688046
ENSG00000154153,0.4552292410999313
ENSG00000182272,0.45458601605940446
ENSG00000147573,0.4539251181208158
ENSG00000277734,0.453752795018996
ENSG00000158296,0.4535663196022617
ENSG00000136297,0.45348140970353695
ENSG00000200556,0.4533413128789856
ENSG00000109738,0.45329603043232564
ENSG00000183439,0.4531618365751577
ENSG00000184471,0.4530861234014573
ENSG00000011028,0.45236051976663516
ENSG00000162643,0.4522817255117472
ENSG00000171848,0.4519190706350641
ENSG00000175264,0.45175413078180626
ENSG00000227467,0.4516715169847306
ENSG00000145335,0.4514111510483818
ENSG00000186493,0.4511601015341098
ENSG00000154930,0.45115781034223873
ENSG00000233608,0.451157597152595
ENSG00000163216,0.4511550291689085
ENSG00000150054,0.4506343243030747
ENSG00000119888,0.45059613823390177
ENSG00000173391,0.4505660839295753
ENSG00000204894,0.4505425356816967
ENSG00000128340,0.44992417595067746
ENSG00000211597,0.4496876372210653
ENSG00000170890,0.4491081918463722
ENSG00000182557,0.4489997267518965
ENSG00000180596,0.4489430255009165
ENSG00000211937,0.44849530509636365
ENSG00000119408,0.44820222437977436
ENSG00000089685,0.4478239073214549
ENSG00000197249,0.4469934154375512
ENSG00000161681,0.4468427229641824
ENSG00000138696,0.44643098698034733
ENSG00000079689,0.44589207183546375
ENSG00000198121,0.4452707383093943
ENSG00000107736,0.44518220632877015
ENSG00000185052,0.4446783811499145
ENSG00000211659,0.44414432433266016
ENSG00000114923,0.4440625979939702
ENSG00000092421,0.44398481394473266
ENSG00000189058,0.44392660398843176
ENSG00000278108,0.4436991911217676
ENSG00000182379,0.44308774774230697
ENSG00000183579,0.4430235075889907
ENSG00000172724,0.44212301247572694
ENSG00000106976,0.4407682830911013
ENSG00000185518,0.44044596104198747
ENSG00000118402,0.43998907140058197
ENSG00000142677,0.4396798392327362
ENSG00000228127,0.4393123533090051
ENSG00000286190,0.4392078874898438
ENSG00000223802,0.4388034606691576
ENSG00000139914,0.43869312021325374
ENSG00000181856,0.4383324984419443
ENSG00000096433,0.43767797637616934
ENSG00000105357,0.43737740418486465
ENSG00000120068,0.43715594937014035
ENSG00000196611,0.4370961813073248
ENSG00000153294,0.43696412277057806
ENSG00000120708,0.436838972100183
ENSG00000238072,0.43612320255785686
ENSG00000265096,0.43602954481102285
ENSG00000169302,0.4358143457550699
ENSG00000269976,0.43580720024476566
ENSG00000116824,0.4353641703115177
ENSG00000205002,0.4350311180581748
ENSG00000138623,0.4347859062096212
ENSG00000139219,0.4342018580602289
ENSG00000152932,0.43417199051528454
ENSG00000198756,0.4340836346399753
ENSG00000130707,0.43375876869670993
ENSG00000169548,0.4334425166081728
ENSG00000140835,0.4331384968288104
ENSG00000237674,0.4329384007357598
ENSG00000143590,0.43273756935810537
ENSG00000165376,0.4324348655871565
ENSG00000159899,0.4320249938776648
ENSG00000164176,0.4319788921594085
ENSG00000163064,0.431925771587144
ENSG00000102678,0.4317696081323491
ENSG00000156966,0.4317610461668956
ENSG00000171450,0.4313837780210106
ENSG00000134533,0.43115929757783233
ENSG00000130595,0.43111758746699197
ENSG00000264175,0.4309737317702241
ENSG00000163563,0.430862083617618
ENSG00000151136,0.43075430513530605
ENSG00000182040,0.4306933151050755
ENSG00000117399,0.4303256624136429
ENSG00000196517,0.42955495717095066
ENSG00000204385,0.42947544905776336
ENSG00000130720,0.4291160595973891
ENSG00000224361,0.42886422212681724
ENSG00000153707,0.4284797857042707
ENSG00000170624,0.42837993566334814
ENSG00000134817,0.42761366740528867
ENSG00000169083,0.4275802184465615
ENSG00000164932,0.42752206112528085
ENSG00000248399,0.42687432606367237
ENSG00000247095,0.4268707620449233
ENSG00000226206,0.42679379764712505
ENSG00000176387,0.426674182880879
ENSG00000135472,0.4266332668982661
ENSG00000049540,0.4265903111429806
ENSG00000125740,0.4264719994504678
ENSG00000154928,0.4264311920044322
ENSG00000271815,0.42641948530742685
ENSG00000166292,0.42624552926794407
ENSG00000179750,0.4262311617483878
ENSG00000249453,0.4262216358495097
ENSG00000102524,0.4260933203075112
ENSG00000230707,0.4260325918985215
ENSG00000258913,0.42593496936589603
ENSG00000148288,0.42575822899598176
ENSG00000088882,0.4256316987109557
ENSG00000199038,0.42536581779073085
ENSG00000196368,0.42532326192212166
ENSG00000148344,0.4253172077428481
ENSG00000003137,0.4251272899620076
ENSG00000211640,0.4250684662957946
ENSG00000264493,0.42504071969730106
ENSG00000165124,0.42464443266566293
ENSG00000183160,0.42463620916078826
ENSG00000110448,0.4242632378795655
ENSG00000139044,0.4236774551739637
ENSG00000153976,0.4234152647041266
ENSG00000182601,0.4233880813710578
ENSG00000158104,0.42320579080003856
ENSG00000006016,0.4226631633821511
ENSG00000167434,0.42265419576537566
ENSG00000117245,0.4223496805443175
ENSG00000197635,0.42193906927082925
ENSG00000135451,0.4219126991068794
ENSG00000126787,0.42181465300623333
ENSG00000187398,0.42157961885675005
ENSG00000204851,0.4213330099666422
ENSG00000007933,0.4212881160720339
ENSG00000229604,0.4210536067116107
ENSG00000101210,0.42098510506617576
ENSG00000131002,0.4209226554140901
ENSG00000010932,0.4209089745140632
ENSG00000146352,0.42047475327965556
ENSG00000101187,0.4203966928897958
ENSG00000241644,0.4203804493790307
ENSG00000176720,0.420103920832963
ENSG00000164520,0.42010269450417964
ENSG00000204618,0.41973559293832874
ENSG00000164308,0.4193797132119127
ENSG00000091490,0.4192070720192295
ENSG00000160326,0.41885277601771737
ENSG00000163751,0.4187997918950302
ENSG00000157613,0.418307190553859
ENSG00000229391,0.41827633028154565
ENSG00000106772,0.4180959089368545
ENSG00000271947,0.4180529525213056
ENSG00000173947,0.4179309377991383
ENSG00000130700,0.41732022623887516
ENSG00000143416,0.41725486411178736
ENSG00000169427,0.41715353575921643
ENSG00000284594,0.41693831138344917
ENSG00000168743,0.4166685928127458
ENSG00000006377,0.4165966277790922
ENSG00000115380,0.41639581888317595
ENSG00000283095,0.41625794946324574
ENSG00000274816,0.41585288774117896
ENSG00000204789,0.41569280599424857
ENSG00000129991,0.4155002055159189
ENSG00000188257,0.4149150657628338
ENSG00000170835,0.4146765956439023
ENSG00000113209,0.4145036122293742
ENSG00000123407,0.41408949331598166
ENSG00000148773,0.4139895678365613
ENSG00000248127,0.41392518389045396
ENSG00000260369,0.4138421318670593
ENSG00000112936,0.41363441125948713
ENSG00000144407,0.4133079252423495
ENSG00000178999,0.4132991955195517
ENSG00000132639,0.4125588528689403
ENSG00000278828,0.4119002608665778
ENSG00000185559,0.4118076133158013
ENSG00000127954,0.41180264172213127
ENSG00000164484,0.41178495304156254
ENSG00000109705,0.4110537476511105
ENSG00000182255,0.4108754828334151
ENSG00000164188,0.41060883560303024
ENSG00000283633,0.4106015512045694
ENSG00000106327,0.4105918492154673
ENSG00000144218,0.4102852011645405
ENSG00000147256,0.4101216438639022
ENSG00000261924,0.4098326439871027
ENSG00000173809,0.4097427819425611
ENSG00000108691,0.40972895235253526
ENSG00000132026,0.40942248336676973
ENSG00000185818,0.40926673903891253
ENSG00000130477,0.4092085543737842
ENSG00000083857,0.4090917174646776
ENSG00000278071,0.4090691486060287
ENSG00000167286,0.4084918892829281
ENSG00000092096,0.4084695464693556
ENSG00000165457,0.40842463851841976
ENSG00000121769,0.4082852251412085
ENSG00000105419,0.40822200304639406
ENSG00000142494,0.40821848359180657
ENSG00000114378,0.40807623253542147
ENSG00000117594,0.4078323036732016
ENSG00000265660,0.4075906452077244
ENSG00000090382,0.407488167554927
ENSG00000169750,0.407254394428569
ENSG00000210741,0.4072260082271018
ENSG00000187134,0.4071292889755742
ENSG00000282164,0.4070923506776221
ENSG00000227825,0.40659887024226765
ENSG00000026559,0.4060892322556124
ENSG00000095539,0.4054598720208708
ENSG00000147689,0.40533578822081423
ENSG00000064886,0.40504416994207615
ENSG00000169245,0.404964035329325
ENSG00000156103,0.40494857662315176
ENSG00000167772,0.4048721284165401
ENSG00000232629,0.40467402020492976
ENSG00000275385,0.40446086096058287
ENSG00000040731,0.4041313325493862
ENSG00000246082,0.40407210060675924
ENSG00000241794,0.4039419124427058
ENSG00000137819,0.40376801356761155
ENSG00000138755,0.4034479115347284
ENSG00000121552,0.40339531831742387
ENSG00000117586,0.40338423761788506
ENSG00000099204,0.40288020360147864
ENSG00000022556,0.402576231410653
ENSG00000266392,0.4025759826328291
ENSG00000241755,0.4025548091046663
ENSG00000103490,0.402504979335372
ENSG00000157064,0.40232336360883764
ENSG00000060566,0.4022299337589249
ENSG00000206337,0.4021250074622752
ENSG00000276923,0.402092755450473
ENSG00000102287,0.40204117302406833
ENSG00000285933,0.4009626045208426
ENSG00000177363,0.4008667901690379
ENSG00000273335,0.40077850016160804
ENSG00000100290,0.40061571584289396
ENSG00000182667,0.40050299259383704
ENSG00000170837,0.40034291916536485
ENSG00000270550,0.4000389072684564
ENSG00000008735,0.39994458944369654
ENSG00000173262,0.39975953713914125
ENSG00000092758,0.3994597628266783
ENSG00000164647,0.39938713199459114
ENSG00000213025,0.3989094041758921
ENSG00000123485,0.398742102010426
ENSG00000235162,0.3983171819348731
ENSG00000179083,0.3981346470693422
ENSG00000164764,0.39812152194423767
ENSG00000146233,0.3980690269443704
ENSG00000105855,0.39799235726586285
ENSG00000084628,0.39798628143744263
ENSG00000112984,0.3979818926096589
ENSG00000149654,0.3976494324108094
ENSG00000134827,0.39732767932907254
ENSG00000130224,0.3968860710383263
ENSG00000239482,0.39642332774522654
ENSG00000130592,0.3961196810957194
ENSG00000179292,0.3959072323516471
ENSG00000103375,0.395768307563797
ENSG00000109819,0.3956036353654356
ENSG00000146090,0.3955830944407344
ENSG00000228217,0.3953394972720116
ENSG00000183798,0.39525970140410804
ENSG00000140479,0.39522663408156805
ENSG00000151632,0.3952138847307203
ENSG00000251003,0.3951434543195296
ENSG00000241935,0.3949910973324382
ENSG00000170498,0.39497006098741894
ENSG00000285873,0.3949474121655821
ENSG00000109321,0.39490987725413895
ENSG00000244242,0.3948902946277194
ENSG00000214510,0.3944944666896867
ENSG00000081041,0.39439965423870427
ENSG00000184349,0.3941521661447017
ENSG00000113100,0.3941066884301353
ENSG00000076864,0.3937822146326068
ENSG00000172482,0.39371125703861215
ENSG00000232177,0.3935479218357212
ENSG00000163431,0.3935045539493496
ENSG00000128602,0.3932897281671073
ENSG00000237575,0.39302749460432307
ENSG00000100626,0.39270976758993537
ENSG00000248802,0.3926921734609804
ENSG00000129521,0.3925440115321944
ENSG00000143546,0.3923568841343158
ENSG00000157404,0.39226639177323935
ENSG00000266235,0.3921018514518555
ENSG00000171119,0.3920308443314545
ENSG00000125378,0.39172843182865114
ENSG00000185168,0.3916984578851547
ENSG00000198074,0.3912589447660199
ENSG00000149294,0.39124117421608484
ENSG00000233392,0.39104347612918955
ENSG00000138678,0.3908671093408697
ENSG00000196739,0.3907984732921386
ENSG00000197444,0.3907594107118671
ENSG00000139874,0.39061164309134533
ENSG00000076826,0.38986163536254753
ENSG00000107562,0.38968388050302405
ENSG00000166816,0.38915153551763654
ENSG00000135929,0.3891196154319704
ENSG00000088538,0.38908282159971935
ENSG00000158246,0.38886765569895704
ENSG00000176654,0.388479267401074
ENSG00000122176,0.38837585276358016
ENSG00000249780,0.38821452283232627
ENSG00000149948,0.38797770022886974
ENSG00000170961,0.3879367646214692
ENSG00000142748,0.38778956651634894
ENSG00000165983,0.3874663958427057
ENSG00000271503,0.38728542783703157
ENSG00000163879,0.38722141705898944
ENSG00000175287,0.3867797348495026
ENSG00000147257,0.386702359373118
ENSG00000056998,0.3865411226158116
ENSG00000124249,0.38650441427676147
ENSG00000144485,0.38645620027691446
ENSG00000251706,0.3861557111943041
ENSG00000151882,0.3860190080355317
ENSG00000163531,0.385944208894941
ENSG00000272622,0.3859312665741991
ENSG00000175592,0.38589078942651167
ENSG00000266865,0.38542778683871237
ENSG00000278035,0.385256724587602
ENSG00000139910,0.38520753207565095
ENSG00000197582,0.3851472360720579
ENSG00000164929,0.3850078418873188
ENSG00000175489,0.38491913886672363
ENSG00000183346,0.38481179943879446
ENSG00000174951,0.38463016216497076
ENSG00000258949,0.3845874248075645
ENSG00000158806,0.3841046326985475
ENSG00000115163,0.3836374822150304
ENSG00000108375,0.38335528829993
ENSG00000188573,0.3833505708665819
ENSG00000087085,0.3832539995717876
ENSG00000163220,0.38292124754572343
ENSG00000258910,0.382920398603888
ENSG00000174567,0.3826644562915926
ENSG00000261572,0.3826514504329452
ENSG00000176170,0.38225927479393274
ENSG00000085741,0.3820588552761055
ENSG00000141338,0.38199142811713205
ENSG00000267280,0.3817901500194211
ENSG00000196735,0.3817586172846801
ENSG00000100985,0.3815312089156045
ENSG00000200879,0.3815068420247615
ENSG00000173175,0.38143907422227474
ENSG00000104112,0.3813638803867547
ENSG00000175445,0.3813543209042078
ENSG00000117069,0.3812047754440042
ENSG00000036672,0.38107259556855383
ENSG00000108018,0.38099187444018034
ENSG00000090104,0.3809613112063375
ENSG00000101134,0.38087447818408304
ENSG00000176046,0.3808705768843618
ENSG00000174156,0.38086832954801086
ENSG00000105852,0.38060291553200826
ENSG00000165449,0.3804410076613073
ENSG00000253574,0.3803559120945717
ENSG00000169429,0.38029970172700506
ENSG00000106366,0.3801006368718994
ENSG00000107984,0.3800298576471919
ENSG00000154330,0.3795710279560483
ENSG00000132965,0.379451023761569
ENSG00000170312,0.37934893779264967
ENSG00000163661,0.37934316911493593
ENSG00000005243,0.379104096064309
ENSG00000154589,0.3790682754074844
ENSG00000264148,0.3790393825352555
ENSG00000188051,0.3789402938040633
ENSG00000263155,0.3789281148843841
ENSG00000118242,0.378457434490013
ENSG00000165591,0.3782590328670656
ENSG00000154229,0.37823354942763127
ENSG00000286410,0.3782175892277916
ENSG00000276070,0.3781365671313118
ENSG00000257732,0.3780210683506435
ENSG00000103154,0.3778884874151841
ENSG00000196502,0.3777310422260041
ENSG00000172201,0.3774916200131622
ENSG00000158856,0.37731963206418473
ENSG00000256196,0.37728641808786073
ENSG00000166917,0.3772491718886054
ENSG00000275993,0.377217514163413
ENSG00000140368,0.3769481885464238
ENSG00000169297,0.3767736162576329
ENSG00000089199,0.37668444205044505
ENSG00000117152,0.3766127536103025
ENSG00000127564,0.37658615161442643
ENSG00000135409,0.376366182024925
ENSG00000105877,0.3763159950788242
ENSG00000159387,0.3762652115124468
ENSG00000171033,0.37623534044618734
ENSG00000184985,0.37617014712270536
ENSG00000197588,0.3761455808751877
ENSG00000188322,0.37607330563392505
ENSG00000187481,0.3760469806847276
ENSG00000048540,0.37576411977350765
ENSG00000163923,0.37532356820557233
ENSG00000126878,0.3752234444396172
ENSG00000163071,0.37521644279378924
ENSG00000131668,0.374821458523076
ENSG00000269516,0.37478001266306465
ENSG00000188816,0.37456849316707636
ENSG00000163364,0.3743283054253664
ENSG00000144229,0.37428901424790717
ENSG00000272674,0.37418938675699626
ENSG00000186198,0.37401608930536206
ENSG00000250510,0.37388653189982346
ENSG00000271945,0.37363236648251297
ENSG00000169758,0.3734467735898016
ENSG00000277075,0.37331414914300726
ENSG00000173237,0.37322920482833377
ENSG00000064692,0.37321162912122285
ENSG00000161653,0.37306584937060294
ENSG00000054793,0.37303157073244264
ENSG00000269113,0.37302064761731973
ENSG00000173210,0.3729572423561839
ENSG00000108309,0.3727874103748146
ENSG00000243137,0.3726888362822377
ENSG00000050165,0.37268766463615893
ENSG00000127241,0.3726868164548089
ENSG00000157502,0.37263794101192904
ENSG00000269981,0.37262520095736473
ENSG00000164695,0.3725482967718915
ENSG00000173110,0.3724860270586361
ENSG00000164659,0.3724416443593878
ENSG00000138180,0.3723252812918396
ENSG00000102924,0.3722036278631548
ENSG00000182771,0.3722015855102904
ENSG00000103257,0.372107974187131
ENSG00000105409,0.37203624839747723
ENSG00000185933,0.3718677157957906
ENSG00000150540,0.37172874329596034
ENSG00000117226,0.3714325160617496
ENSG00000213088,0.3712884693777687
ENSG00000179344,0.3711299958191155
ENSG00000204252,0.37112052244494886
ENSG00000276547,0.37085634436672826
ENSG00000189120,0.3707899932960217
ENSG00000154556,0.37063496195153967
ENSG00000178222,0.37059989623761586
ENSG00000214595,0.37055453160422264
ENSG00000163631,0.37053966288849416
ENSG00000223749,0.37031625307725247
ENSG00000168077,0.3701187282131998
ENSG00000120322,0.37008910749128265
ENSG00000168546,0.37008372362720376
ENSG00000106034,0.37005027410251595
ENSG00000167123,0.3699045563582017
ENSG00000169031,0.36976463208805804
ENSG00000170801,0.36957890819251765
ENSG00000236054,0.36942603138462243
ENSG00000096696,0.3693259991185495
ENSG00000165633,0.3692961451178283
ENSG00000136944,0.3691692262809647
ENSG00000165474,0.3691084386703573
ENSG00000176769,0.36898292793933807
ENSG00000230882,0.36887106357001404
ENSG00000165548,0.36880757497777356
ENSG00000263934,0.3687363565022602
ENSG00000189420,0.3685305639772458
ENSG00000128710,0.3685156602548994
ENSG00000099822,0.36842031221381166
ENSG00000223764,0.3683844275174172
ENSG00000156711,0.3683463845393206
ENSG00000287407,0.3681813969335718
ENSG00000061656,0.36817328357339757
ENSG00000198851,0.3679006704058332
ENSG00000253304,0.36771887377099793
ENSG00000184785,0.367674038137326
ENSG00000170577,0.36735947905233396
ENSG00000197580,0.3672648296518652
ENSG00000004848,0.36713169701259596
ENSG00000168135,0.36695862973426735
ENSG00000104415,0.3669359169153742
ENSG00000078814,0.36673938976533926
ENSG00000153064,0.3665555964996075
ENSG00000162645,0.3663899033850606
ENSG00000211950,0.36636363303509367
ENSG00000144354,0.36634456008778676
ENSG00000260702,0.36631968580481455
ENSG00000154721,0.36584290289922256
ENSG00000146250,0.3655671107536234
ENSG00000131747,0.3654403701728625
ENSG00000127561,0.3654373588458745
ENSG00000261332,0.3652467471990173
ENSG00000196208,0.3649193621945307
ENSG00000003989,0.3646198879664569
ENSG00000099864,0.3643436432039107
ENSG00000090659,0.36414851765025613
ENSG00000158050,0.36401993151217205
ENSG00000267440,0.3640070662796337
ENSG00000107518,0.36379924607319386
ENSG00000122574,0.3637903784732763
ENSG00000010282,0.3637367836030443
ENSG00000230438,0.3636901488104711
ENSG00000251630,0.3635475650155038
ENSG00000018236,0.363376438135621
ENSG00000239268,0.36308979662898
ENSG00000287315,0.36305912807082774
ENSG00000198099,0.36292340180023813
ENSG00000131650,0.3625904901790562
ENSG00000129451,0.36257809095501903
ENSG00000131730,0.36241932194868864
ENSG00000183780,0.3623790592747031
ENSG00000236377,0.3619866310734117
ENSG00000101098,0.3618179454090441
ENSG00000175505,0.3617837898729419
ENSG00000104826,0.3617494762965
ENSG00000029534,0.36172398276243345
ENSG00000169122,0.3616250801932729
ENSG00000017483,0.36162269942580405
ENSG00000164251,0.36144823508959073
ENSG00000105642,0.3610399493798715
ENSG00000012504,0.36066194688106284
ENSG00000170373,0.3605807147247245
ENSG00000181649,0.36051951864220816
ENSG00000238024,0.3603944129656873
ENSG00000112972,0.3601462674166446
ENSG00000008056,0.3600234035478768
ENSG00000117650,0.35980475753113195
ENSG00000099994,0.35980062528978735
ENSG00000104368,0.35971465867044816
ENSG00000123388,0.3595376844826218
ENSG00000131459,0.359509723736558
ENSG00000119943,0.35934237455038565
ENSG00000147813,0.35929960115289283
ENSG00000188783,0.35929219213355174
ENSG00000077984,0.35915016800638866
ENSG00000196139,0.3588359182454063
ENSG00000123146,0.3588019758397934
ENSG00000196932,0.35879841473772817
ENSG00000132359,0.3586298754313731
ENSG00000142661,0.3585649409349087
ENSG00000180155,0.3585599079520517
ENSG00000106484,0.3584894923324403
ENSG00000132329,0.3584346522402047
ENSG00000198930,0.3583948210223149
ENSG00000165168,0.35816945065547723
ENSG00000001630,0.3580636701686141
ENSG00000118849,0.3580187512480408
ENSG00000250337,0.35778818341793406
ENSG00000147434,0.35764202796039307
ENSG00000172197,0.3576029566322665
ENSG00000130294,0.3575167744397042
ENSG00000170561,0.35732493710247926
ENSG00000213694,0.35724110224284755
ENSG00000168329,0.35721107582500794
ENSG00000197496,0.3571446941786011
ENSG00000153563,0.35697403751549334
ENSG00000144847,0.3568042380655716
ENSG00000175063,0.356792414790213
ENSG00000167513,0.3567030576896227
ENSG00000169903,0.35669843257042316
ENSG00000165304,0.35663164581334217
ENSG00000172967,0.35662669560237825
ENSG00000152208,0.356553377014078
ENSG00000198780,0.3563877157294976
ENSG00000266174,0.356153400001531
ENSG00000171798,0.3561284428781046
ENSG00000112232,0.35600733955946195
ENSG00000126233,0.35596145094633397
ENSG00000162817,0.35588959948782595
ENSG00000287770,0.3557664341562585
ENSG00000099957,0.3557143491523932
ENSG00000207721,0.35569812366748876
ENSG00000231789,0.35555346894288564
ENSG00000227591,0.355414312307255
ENSG00000253159,0.3553536363683244
ENSG00000142945,0.3551887269160262
ENSG00000151790,0.3551159512194585
ENSG00000152076,0.3550453003805326
ENSG00000142515,0.35503754707692786
ENSG00000211938,0.3550375171557953
ENSG00000254338,0.35486348794408534
ENSG00000160183,0.3546359717986462
ENSG00000149582,0.3544924501589967
ENSG00000131831,0.35444649522670596
ENSG00000139970,0.3542806560743609
ENSG00000121753,0.3542719585809859
ENSG00000116106,0.3540200751499965
ENSG00000272912,0.35380837211053545
ENSG00000175352,0.35373001980372276
ENSG00000126500,0.3536291940933169
ENSG00000132874,0.35338446344403324
ENSG00000268458,0.3533070791504436
ENSG00000134853,0.352574586216296
ENSG00000145945,0.3524358416008439
ENSG00000077616,0.35229813877491883
ENSG00000128606,0.3521974782850259
ENSG00000074410,0.3521543101191582
ENSG00000152253,0.3520441241140371
ENSG00000211943,0.35175454749568996
ENSG00000225972,0.3517272808419612
ENSG00000236591,0.351445039409988
ENSG00000237649,0.3513904694306563
ENSG00000171617,0.3513004534218207
ENSG00000275302,0.35122078051395633
ENSG00000230257,0.3511580774445788
ENSG00000183010,0.35102803515211856
ENSG00000277738,0.3510118095033551
ENSG00000171533,0.35089310640539656
ENSG00000169962,0.3507645400093382
ENSG00000092621,0.35071720155234987
ENSG00000114251,0.35058263997474304
ENSG00000283627,0.35051917759154116
ENSG00000196436,0.3504434384324233
ENSG00000112378,0.350401742327933
ENSG00000057294,0.35031375491922284
ENSG00000105369,0.3502563003017002
ENSG00000159337,0.3502530263052743
ENSG00000242021,0.35023060002119977
ENSG00000204983,0.3501429090221112
ENSG00000142583,0.349787067569155
ENSG00000155093,0.34959030918315814
ENSG00000210077,0.3492286803367341
ENSG00000125845,0.3490587705473751
ENSG00000060656,0.3484525503340811
ENSG00000139194,0.3483713968263308
ENSG00000205336,0.34826447432129676
ENSG00000180806,0.34815460237990414
ENSG00000143556,0.34813807213316533
ENSG00000126803,0.3479877137417186
ENSG00000260420,0.3479527299421249
ENSG00000198003,0.3478994161759787
ENSG00000138115,0.347866117111931
ENSG00000134602,0.3477969429650239
ENSG00000136514,0.3477285500376075
ENSG00000287787,0.34763215572420025
ENSG00000105278,0.34759959139269625
ENSG00000276476,0.3475140892470529
ENSG00000122756,0.3475121133562156
ENSG00000138944,0.3474518760425985
ENSG00000008517,0.34723694225320056
ENSG00000011426,0.34704552019351126
ENSG00000207744,0.34701866168302437
ENSG00000183114,0.34698664314528327
ENSG00000129993,0.34693922677065314
ENSG00000131188,0.34684880389459766
ENSG00000183878,0.3467562585211822
ENSG00000116774,0.34671553318798953
ENSG00000006638,0.3466199386478004
ENSG00000182870,0.3466172184356235
ENSG00000143850,0.3465443593491103
ENSG00000171241,0.34653283568212045
ENSG00000177706,0.3465068306235788
ENSG00000001561,0.34623711040501554
ENSG00000272551,0.3462172685448336
ENSG00000167693,0.34610832380196155
ENSG00000143333,0.3460484253371997
ENSG00000269190,0.34584658905197135
ENSG00000166428,0.3456818177686832
ENSG00000171877,0.3455216034305171
ENSG00000169783,0.34534148263815606
ENSG00000161888,0.34522192819802455
ENSG00000225126,0.34522192576368016
ENSG00000135480,0.3452073526267744
ENSG00000269345,0.34502957174978105
ENSG00000129946,0.34496659087401
ENSG00000153234,0.34494446717715066
ENSG00000183098,0.34450551994740164
ENSG00000133519,0.3444939059986208
ENSG00000198502,0.3444867610413257
ENSG00000164171,0.3443580675374431
ENSG00000078596,0.3443196840824122
ENSG00000164649,0.34426700016993816
ENSG00000203805,0.34426122157719385
ENSG00000171051,0.3442197773034864
ENSG00000149599,0.3442153149586802
ENSG00000102890,0.3440153261159067
ENSG00000082929,0.3439104771739714
ENSG00000117724,0.3436061508764321
ENSG00000111452,0.3435957326874641
ENSG00000066468,0.34354684765443666
ENSG00000136842,0.34347232634068775
ENSG00000093072,0.34344221722018636
ENSG00000106483,0.34344096335917473
ENSG00000170382,0.34337569111031396
ENSG00000143228,0.3433438446855422
ENSG00000113389,0.34324375205495034
ENSG00000100346,0.34307719618777344
ENSG00000288459,0.3429965702837461
ENSG00000177432,0.34290418670762396
ENSG00000133216,0.3428495301494716
ENSG00000177875,0.3428253381310656
ENSG00000266124,0.34272012346303293
ENSG00000286988,0.34271580185727435
ENSG00000264425,0.34237611527294703
ENSG00000186185,0.34230340858066016
ENSG00000184986,0.3420704733821576
ENSG00000223658,0.3420376756042505
ENSG00000169330,0.3419761325012218
ENSG00000248187,0.34190272027406227
ENSG00000283399,0.34189353388764304
ENSG00000100526,0.34176220930171736
ENSG00000277968,0.34174302616582086
ENSG00000131094,0.34173541774925936
ENSG00000197479,0.3414061461081767
ENSG00000064300,0.34136381292708495
ENSG00000173714,0.3412216182505042
ENSG00000230916,0.34111676464941115
ENSG00000169508,0.3409709009489351
ENSG00000065320,0.34091763065496034
ENSG00000157445,0.3408464896208698
ENSG00000120437,0.340791490992409
ENSG00000156414,0.34066780616266396
ENSG00000143196,0.3405559949995353
ENSG00000163285,0.3404719024418721
ENSG00000155966,0.3404565055861728
ENSG00000287906,0.3404563457863816
ENSG00000138080,0.34045523039275855
ENSG00000111052,0.34037088864393805
ENSG00000232717,0.3398444631103205
ENSG00000111186,0.3398343050115007
ENSG00000135824,0.33973980511636687
ENSG00000117122,0.33965445996162835
ENSG00000255836,0.3395281829382983
ENSG00000147642,0.3394043239512881
ENSG00000187714,0.33931690826775096
ENSG00000183856,0.33923909643763384
ENSG00000228355,0.33918938844593693
ENSG00000163884,0.33913898274008564
ENSG00000250645,0.3390990338632865
ENSG00000157150,0.3390210279525493
ENSG00000106789,0.3388719165754299
ENSG00000166145,0.3388362948305219
ENSG00000134769,0.33862787472995176
ENSG00000091986,0.33851034660634366
ENSG00000152049,0.3384669044120353
ENSG00000233293,0.3384599681068221
ENSG00000137875,0.3383930282297039
ENSG00000287024,0.3381447780913226
ENSG00000249992,0.3380920202058269
ENSG00000120820,0.33787469086858335
ENSG00000105639,0.3376389126831206
ENSG00000138061,0.33761697483780206
ENSG00000158270,0.33733941694117775
ENSG00000201440,0.33697354080558906
ENSG00000186469,0.33685185485138586
ENSG00000250456,0.336851557873727
ENSG00000165917,0.3367457089994515
ENSG00000166851,0.336745172598664
ENSG00000134955,0.33648410141906715
ENSG00000210184,0.3361041370361087
ENSG00000205649,0.33597095286507284
ENSG00000131080,0.33541482753348856
ENSG00000110719,0.3353651452409338
ENSG00000198535,0.33532681301244355
ENSG00000158560,0.33517376032701474
ENSG00000260015,0.3351593671334739
ENSG00000270412,0.3351396746985688
ENSG00000248099,0.3350546677967677
ENSG00000184908,0.33477834028971015
ENSG00000123560,0.3347205351168901
ENSG00000154839,0.33470411800748123
ENSG00000137642,0.3346556077388917
ENSG00000113196,0.3345484418230309
ENSG00000174599,0.3344601097472763
ENSG00000188897,0.3343492313584252
ENSG00000273117,0.33434422692186216
ENSG00000167641,0.33434014138439816
ENSG00000131019,0.3342836651514123
ENSG00000206190,0.3342231225478192
ENSG00000154864,0.3341741618679227
ENSG00000166813,0.33410447773983204
ENSG00000265112,0.3340792085136308
ENSG00000111371,0.33407245302948535
ENSG00000093009,0.33406844767501254
ENSG00000227329,0.3338943949140125
ENSG00000132915,0.3334158027989654
ENSG00000101447,0.3333407400657673
ENSG00000187634,0.3332970066610579
ENSG00000165238,0.3331319234035666
ENSG00000231625,0.33310762518863346
ENSG00000013293,0.3328519719876746
ENSG00000182168,0.33283457072055905
ENSG00000108551,0.33283411139019603
ENSG00000218336,0.33276647093106443
ENSG00000055163,0.3326362682812016
ENSG00000119431,0.33247625835025496
ENSG00000122870,0.3324603426371408
ENSG00000112852,0.3323893828466239
ENSG00000221955,0.33234646815138547
ENSG00000254211,0.33224993510759654
ENSG00000236013,0.33224883162971114
ENSG00000260403,0.33216875103460286
ENSG00000135842,0.3320634487939757
ENSG00000207425,0.33203760793572534
ENSG00000171766,0.33198345576550564
ENSG00000135318,0.33196895458815173
ENSG00000135744,0.33191836015802156
ENSG00000228723,0.33190820886074046
ENSG00000273604,0.331850513862906
ENSG00000272768,0.33183541386238663
ENSG00000180316,0.33183419133782066
ENSG00000253308,0.33150485571014404
ENSG00000254122,0.33139522554467876
ENSG00000204118,0.3313241373597476
ENSG00000204516,0.33117132506386315
ENSG00000253953,0.3310777807304922
ENSG00000085831,0.33081535926432143
ENSG00000115896,0.33064539379090635
ENSG00000165995,0.33062022013719716
ENSG00000210144,0.33059417581344885
ENSG00000112303,0.33054323811706526
ENSG00000114374,0.3304706767565985
ENSG00000171476,0.3303600166239567
ENSG00000226742,0.3302618065946024
ENSG00000131401,0.3302273585154148
ENSG00000269964,0.33021918736242517
ENSG00000269933,0.3301291907892533
ENSG00000128683,0.33011106920373273
ENSG00000105398,0.3299211813010112
ENSG00000105926,0.3298657922164092
ENSG00000105374,0.329830516397132
ENSG00000176753,0.32982698899956764
ENSG00000160282,0.32969185856916433
ENSG00000131471,0.32961598175736473
ENSG00000169436,0.329504904484113
ENSG00000158813,0.3294657883238494
ENSG00000101850,0.3294146301738448
ENSG00000050438,0.3293259197741883
ENSG00000099251,0.32925800210142314
ENSG00000196730,0.32925409478025447
ENSG00000278928,0.3291752488483065
ENSG00000266200,0.32896659405827133
ENSG00000179914,0.32896656623938575
ENSG00000160180,0.3288611526937233
ENSG00000197261,0.328842913691956
ENSG00000182985,0.32882168130717687
ENSG00000180543,0.3287992900787162
ENSG00000210140,0.32848969483448376
ENSG00000259353,0.32847442786380304
ENSG00000163347,0.3284036345160515
ENSG00000115641,0.32840098404558493
ENSG00000179751,0.3283107328208879
ENSG00000006283,0.32802768042282954
ENSG00000152315,0.3279305126131373
ENSG00000170017,0.3278198270994612
ENSG00000114948,0.3277705432950504
ENSG00000130775,0.32772487480567203
ENSG00000210049,0.3277034958901566
ENSG00000167642,0.32751796966837293
ENSG00000277999,0.3274127883802135
ENSG00000203706,0.3273890725719598
ENSG00000137726,0.3270023578756495
ENSG00000148600,0.3269930161641149
ENSG00000122477,0.32690316600293123
ENSG00000258748,0.3268116386873864
ENSG00000170955,0.32668862347861743
ENSG00000156804,0.32661949857328
ENSG00000118257,0.3265434348290219
ENSG00000165802,0.3264090470133954
ENSG00000054803,0.3263315967021783
ENSG00000139200,0.32613455204553315
ENSG00000006042,0.32600209276032127
ENSG00000007516,0.3258475556256125
ENSG00000182326,0.3257490719852434
ENSG00000135114,0.3255119960779407
ENSG00000123892,0.32547645407908415
ENSG00000143320,0.32541149152646864
ENSG00000103253,0.3251065208346273
ENSG00000234604,0.3248885456171533
ENSG00000152767,0.324854597272743
ENSG00000183876,0.32472104369346905
ENSG00000178031,0.3247209198255261
ENSG00000145386,0.32470618452775274
ENSG00000189184,0.3246639604849002
ENSG00000129244,0.32438925727372886
ENSG00000152669,0.32433405965118617
ENSG00000223722,0.32431382791386715
ENSG00000223751,0.3242913517199704
ENSG00000170262,0.3242884811993167
ENSG00000153956,0.3242314986953736
ENSG00000136943,0.3241301657260422
ENSG00000240694,0.3239721968745098
ENSG00000088827,0.3239473640709967
ENSG00000100450,0.32375515032987207
ENSG00000279024,0.32371467760819544
ENSG00000137463,0.32360615554067396
ENSG00000211669,0.32351150380003063
ENSG00000177675,0.3234826191427468
ENSG00000224650,0.3233555213562102
ENSG00000183067,0.323318956529995
ENSG00000142303,0.32313700594050865
ENSG00000111206,0.3230525413683392
ENSG00000277749,0.32291879165871346
ENSG00000139055,0.32284332548567374
ENSG00000286619,0.3228008649115247
ENSG00000175707,0.3227542381499743
ENSG00000157214,0.32267188502105404
ENSG00000133321,0.3225493022203176
ENSG00000211637,0.32249011098429636
ENSG00000143512,0.3224452782536923
ENSG00000285925,0.3222316127232508
ENSG00000149506,0.3220841605265316
ENSG00000134594,0.32193570287084533
ENSG00000211934,0.3218525215862574
ENSG00000116157,0.32184554220434325
ENSG00000196433,0.3217837268063738
ENSG00000262877,0.3217556650412944
ENSG00000095970,0.32170259634495135
ENSG00000261596,0.32165844748718886
ENSG00000206878,0.3216528008411044
ENSG00000091428,0.3215018479555671
ENSG00000260314,0.321485731961569
ENSG00000170425,0.3211588450594532
ENSG00000122012,0.32112725754651794
ENSG00000111665,0.3210833821645462
ENSG00000111674,0.32092935351238067
ENSG00000168477,0.3208880155776368
ENSG00000235847,0.3207998098297319
ENSG00000140279,0.32077307343640676
ENSG00000272583,0.32058393306207866
ENSG00000090889,0.32051696685039865
ENSG00000167619,0.32039754881037097
ENSG00000176971,0.3202255957766524
ENSG00000137959,0.3202046436397383
ENSG00000211655,0.3201642784808053
ENSG00000266017,0.3201220091004351
ENSG00000276365,0.320117702983455
ENSG00000081051,0.3200379574853981
ENSG00000177508,0.3198919360787525
ENSG00000166289,0.31980953320086536
ENSG00000132514,0.31980681467594685
ENSG00000165140,0.3197744765495133
ENSG00000267372,0.31977441576056953
ENSG00000163359,0.31960201362248586
ENSG00000250986,0.3193044895869785
ENSG00000174939,0.31916256503842244
ENSG00000166831,0.31904592382475894
ENSG00000176406,0.3189226171052013
ENSG00000228203,0.31884923107415913
ENSG00000100095,0.3187285081506825
ENSG00000138119,0.31849243208373157
ENSG00000106066,0.31839640982978523
ENSG00000224958,0.31837300542155395
ENSG00000259125,0.31822839124844915
ENSG00000266315,0.31819229304514557
ENSG00000224825,0.3177735352677264
ENSG00000164638,0.3176301387825792
ENSG00000184838,0.31754203364244216
ENSG00000189171,0.3174027788381606
ENSG00000210164,0.31707229400625625
ENSG00000232355,0.3170086324829809
ENSG00000183762,0.31694749293198105
ENSG00000198185,0.3168869452407325
ENSG00000162267,0.31681072556152756
ENSG00000170962,0.3167718147031259
ENSG00000214145,0.3166052905851448
ENSG00000143476,0.31648221015193506
ENSG00000106624,0.3164096347971991
ENSG00000165821,0.3163890337566354
ENSG00000153208,0.3161648238465422
ENSG00000257702,0.31601772028778935
ENSG00000003436,0.3158322373983858
ENSG00000179242,0.31577858128449887
ENSG00000158406,0.3155924187212879
ENSG00000178821,0.3155598103023527
ENSG00000164114,0.31555392081047995
ENSG00000253293,0.31554711108685446
ENSG00000128510,0.3155104796146861
ENSG00000146670,0.3152656017626882
ENSG00000139988,0.3148924837585434
ENSG00000123570,0.3148721694884741
ENSG00000211638,0.3148498410001134
ENSG00000102935,0.3147286757334769
ENSG00000101017,0.3144810158376662
ENSG00000141449,0.31443414325113295
ENSG00000259969,0.3143631558380148
ENSG00000160182,0.31420036832910364
ENSG00000158764,0.3139950031347441
ENSG00000155893,0.31388813969645935
ENSG00000178715,0.3137394680098211
ENSG00000259884,0.3136742151409977
ENSG00000026508,0.3136577137786393
ENSG00000108700,0.313625016423471
ENSG00000113296,0.31355933091753246
ENSG00000179314,0.3135577554090016
ENSG00000184545,0.31351317228846076
ENSG00000109805,0.3133978575165267
ENSG00000138135,0.31321562355816424
ENSG00000216921,0.31319160164516296
ENSG00000157873,0.3131358731476215
ENSG00000242207,0.31311596855207735
ENSG00000081181,0.3130014017768262
ENSG00000155495,0.31283971029257057
ENSG00000196569,0.3127476435371012
ENSG00000075218,0.3127059948697995
ENSG00000250982,0.31253837804768503
ENSG00000110852,0.31248065684982385
ENSG00000147027,0.3124362682821238
ENSG00000197629,0.3124217889122959
ENSG00000169550,0.31241743048182724
ENSG00000180745,0.31220233531401437
ENSG00000234224,0.3120899675595478
ENSG00000179284,0.31194084128412
ENSG00000219607,0.31193334014817775
ENSG00000053918,0.3118876425533449
ENSG00000105696,0.3118546455175078
ENSG00000177575,0.3118198499232041
ENSG00000019991,0.3117986836126557
ENSG00000171451,0.31172546517786165
ENSG00000150782,0.31161079312791606
ENSG00000169607,0.3115780856614083
ENSG00000168481,0.31144097082656363
ENSG00000237686,0.3114407858447347
ENSG00000275216,0.3112678014721993
ENSG00000271830,0.31126692554420443
ENSG00000125813,0.31098718517845864
ENSG00000106688,0.3108772413567137
ENSG00000169169,0.310818300190618
ENSG00000180815,0.3108118090655576
ENSG00000238406,0.310787544365563
ENSG00000265452,0.31077051602293676
ENSG00000139737,0.3107333892976251
ENSG00000090661,0.31064890766204567
ENSG00000106823,0.31058036930638583
ENSG00000203985,0.31057876521332095
ENSG00000114268,0.31036211894188487
ENSG00000161798,0.31034860371531126
ENSG00000132744,0.30999018038724174
ENSG00000065675,0.30998857718094247
ENSG00000166825,0.30998748227844114
ENSG00000236780,0.30996913035434676
ENSG00000005249,0.30992790376668644
ENSG00000100181,0.3098125851708787
ENSG00000226087,0.3097777518450376
ENSG00000034053,0.30972987696987825
ENSG00000267107,0.3096481941867476
ENSG00000071539,0.3096443232841309
ENSG00000160606,0.309411462763485
ENSG00000188833,0.30932370741284093
ENSG00000196878,0.3092623139053047
ENSG00000107821,0.30917074466267624
ENSG00000129195,0.3090376553957873
ENSG00000198597,0.30902946097889294
ENSG00000010610,0.30889650053199935
ENSG00000100162,0.30886275299720767
ENSG00000105464,0.3085089987950262
ENSG00000212237,0.30846191645596766
ENSG00000153162,0.3084498290338037
ENSG00000088881,0.3083779439945798
ENSG00000189057,0.3083577584901177
ENSG00000177335,0.30828118424677203
ENSG00000170011,0.30819000908008637
ENSG00000214491,0.30815899186091994
ENSG00000147804,0.3081291117538232
ENSG00000104213,0.30805408133457984
ENSG00000179954,0.30804822113821284
ENSG00000154822,0.30789563097975137
ENSG00000276085,0.30752091508473545
ENSG00000106003,0.30746164755114375
ENSG00000237438,0.30741757558784605
ENSG00000147408,0.30738859946372216
ENSG00000165272,0.30729858352428596
ENSG00000088340,0.30728987343233555
ENSG00000134508,0.30714085140350256
ENSG00000214290,0.30702056640585246
ENSG00000134690,0.30701992041482357
ENSG00000121933,0.3070045779110069
ENSG00000158445,0.30684357040790705
ENSG00000167553,0.30678642307311055
ENSG00000135454,0.30673981681577633
ENSG00000174099,0.30659542251008537
ENSG00000181350,0.30651486153467794
ENSG00000079385,0.3064528996961686
ENSG00000163803,0.30639981681427575
ENSG00000160460,0.30637173076480084
ENSG00000253931,0.3062964749956009
ENSG00000225217,0.30629304697590726
ENSG00000043355,0.3062767329018338
ENSG00000169679,0.3059805342629499
ENSG00000267919,0.30591154116360425
ENSG00000090339,0.3057387567352717
ENSG00000167741,0.30573359958127416
ENSG00000132437,0.305714216268795
ENSG00000252412,0.3056964197376993
ENSG00000103742,0.30565973773840255
ENSG00000164440,0.3056330261750517
ENSG00000228643,0.3053335981464422
ENSG00000272848,0.3053138975278191
ENSG00000184194,0.3051306695250586
ENSG00000247134,0.30513053680733876
ENSG00000146555,0.3050741857776571
ENSG00000088992,0.3048768770982838
ENSG00000078018,0.3048705610319701
ENSG00000073150,0.3048154983204974
ENSG00000225614,0.30467728353482354
ENSG00000137331,0.3045017192392001
ENSG00000166803,0.30444171895139077
ENSG00000080986,0.3043034996411769
ENSG00000245848,0.3042879378177433
ENSG00000120262,0.30421775807352974
ENSG00000208028,0.3041964650029064
ENSG00000276822,0.30413554213448557
ENSG00000164920,0.30399434214205323
ENSG00000211935,0.3037086070213541
ENSG00000213401,0.303589539602269
ENSG00000267640,0.30352705855852047
ENSG00000183049,0.30348885400972275
ENSG00000253537,0.30333572423666894
ENSG00000258636,0.30331512623565715
ENSG00000168280,0.30329130447443514
ENSG00000185585,0.30325205423355567
ENSG00000101955,0.30323790820669483
ENSG00000157388,0.30322686060752196
ENSG00000049130,0.303226669856609
ENSG00000265107,0.30321122682794993
ENSG00000202314,0.303009262910248
ENSG00000227507,0.30300639234647425
ENSG00000146072,0.3030037986632539
ENSG00000170915,0.3029948473376599
ENSG00000154760,0.3028821220757739
ENSG00000145555,0.3028152622761247
ENSG00000172016,0.30280371419908436
ENSG00000108950,0.30278712735638663
ENSG00000060982,0.3027710038567237
ENSG00000205363,0.302655934848989
ENSG00000253570,0.3026295961444124
ENSG00000099998,0.3025492308163179
ENSG00000104833,0.3024117387664807
ENSG00000144369,0.30234640409234664
ENSG00000111319,0.3022346856374351
ENSG00000204482,0.3022051420435813
ENSG00000204950,0.3021583199277797
ENSG00000066279,0.3021391818979144
ENSG00000101311,0.3021209938025956
ENSG00000266750,0.30148790719946067
ENSG00000131050,0.3014563071580974
ENSG00000240990,0.30143466072003794
ENSG00000237172,0.301414808011118
ENSG00000087303,0.30137683238172136
ENSG00000153823,0.30127648647167155
ENSG00000173267,0.30121762065462765
ENSG00000223548,0.3011982458476102
ENSG00000108846,0.30116163762387527
ENSG00000111110,0.30115369713412615
ENSG00000087494,0.301085483372602
ENSG00000155659,0.30083428470152856
ENSG00000226999,0.30078404447741475
ENSG00000136235,0.3007212206504002
ENSG00000156968,0.3003752194763536
ENSG00000101440,0.3003487577600637
ENSG00000136383,0.3003124911355542
ENSG00000067646,0.30018613606847155
ENSG00000198932,0.3001154456232253
ENSG00000164398,0.30000737688756174
ENSG00000234614,0.2999751401455623
ENSG00000174808,0.29995442447595355
ENSG00000169442,0.2997860887675051
ENSG00000163739,0.29978511196656565
ENSG00000167178,0.29968993934921795
ENSG00000203857,0.29962702367759203
ENSG00000211965,0.29939975291827103
ENSG00000115041,0.2993821485998199
ENSG00000060709,0.29933951036167167
ENSG00000154358,0.2993191569577923
ENSG00000169884,0.29931645058476103
ENSG00000168646,0.29898947233031187
ENSG00000253846,0.29894649653041244
ENSG00000286912,0.29892001951382463
ENSG00000110079,0.29889141317150414
ENSG00000160360,0.29883136453449904
ENSG00000115107,0.2988019421567984
ENSG00000170412,0.29858437589746706
ENSG00000178531,0.2985472330704494
ENSG00000167771,0.2985241972722706
ENSG00000228873,0.29833035787560586
ENSG00000128011,0.2983266579557763
ENSG00000185924,0.29826287512452404
ENSG00000156453,0.29808731933041377
ENSG00000235890,0.2980678701827674
ENSG00000238164,0.2980474523077175
ENSG00000158887,0.2979048723094966
ENSG00000167900,0.29781584019280044
ENSG00000167779,0.2977763660814844
ENSG00000125895,0.297731418761759
ENSG00000100604,0.2976915430831099
ENSG00000249641,0.29764009562006544
ENSG00000271043,0.2974567708505739
ENSG00000186439,0.2974276767322341
ENSG00000137491,0.29734077694686434
ENSG00000198429,0.29733715832559465
ENSG00000169184,0.2971968298791837
ENSG00000240382,0.2969256704931245
ENSG00000197705,0.29679534672059416
ENSG00000121900,0.29676773451041616
ENSG00000149043,0.296705601399669
ENSG00000130540,0.29664382231139264
ENSG00000272275,0.29663376854810114
ENSG00000124743,0.2965865095712562
ENSG00000085563,0.2963968879576997
ENSG00000186340,0.29633121973821
ENSG00000067057,0.2961629812389517
ENSG00000255633,0.2961497800004636
ENSG00000182447,0.29609309149329854
ENSG00000133805,0.29608626746900824
ENSG00000182578,0.296047731241741
ENSG00000142178,0.29595155883267193
ENSG00000276043,0.29590362331673603
ENSG00000287568,0.2957704034906863
ENSG00000067840,0.29567147260718496
ENSG00000182580,0.2956124993406816
ENSG00000156127,0.29550691428390197
ENSG00000104783,0.29546410301258674
ENSG00000165887,0.2952204882341585
ENSG00000131203,0.2951723357117522
ENSG00000172379,0.2951108739971974
ENSG00000090539,0.29511072929349513
ENSG00000214855,0.29508664281572256
ENSG00000277531,0.2949545733569941
ENSG00000138722,0.29494253621716193
ENSG00000104499,0.29485114170414617
ENSG00000182107,0.2948225364147938
ENSG00000118523,0.2947212160813269
ENSG00000169715,0.29466727344804555
ENSG00000003249,0.29447419205190317
ENSG00000122861,0.2942738399914588
ENSG00000086205,0.2942667651764996
ENSG00000049323,0.2942025489416706
ENSG00000215548,0.29415093306564355
ENSG00000202111,0.294093697771277
ENSG00000134115,0.2939368046109496
ENSG00000034239,0.29392476793690253
ENSG00000112799,0.2938930810053498
ENSG00000102879,0.29385983783339864
ENSG00000176533,0.2938451527406683
ENSG00000262769,0.29380495794799244
ENSG00000184524,0.2936805375463143
ENSG00000287978,0.29360912150467655
ENSG00000152213,0.2935994330519455
ENSG00000225387,0.29349201277867076
ENSG00000262686,0.2934061552175732
ENSG00000225833,0.2933106203882894
ENSG00000116544,0.2930809756184218
ENSG00000165617,0.2930695978940252
ENSG00000149328,0.29295217539084
ENSG00000172348,0.2928916319505006
ENSG00000166432,0.29288571319128404
ENSG00000230953,0.2925169328541574
ENSG00000084636,0.29246843446396836
ENSG00000128266,0.2924252985302764
ENSG00000133985,0.29240841469061957
ENSG00000103485,0.2923852274144264
ENSG00000101542,0.2923737364558133
ENSG00000204869,0.29215307897813125
ENSG00000279414,0.292097422107525
ENSG00000236824,0.2919922081095561
ENSG00000115956,0.2919657177693287
ENSG00000121361,0.2919435990139627
ENSG00000108947,0.2919013678785935
ENSG00000163221,0.29182532412781664
ENSG00000020181,0.2917407689969033
ENSG00000226363,0.29165784552507296
ENSG00000155961,0.29147577252502
ENSG00000047230,0.29111377400563254
ENSG00000104611,0.2910949173301683
ENSG00000197561,0.29094050350436657
ENSG00000187193,0.2908964339396795
ENSG00000163618,0.2908434850812908
ENSG00000259126,0.29076605913273273
ENSG00000175183,0.2906686784031163
ENSG00000124749,0.29038969723202057
ENSG00000109906,0.29031634129664013
ENSG00000169220,0.28984174267142554
